Device Type,Total Videos,Correct Videos,Percentage
Nokia-7dot1,60,10,0.16666666666666666
Samsung-A50,60,59,0.9833333333333333
iPhone-xsMax,59,4,0.06779661016949153
