Device Type,Total Videos,Correct Videos,Percentage
Huawei-Y7Prime2019,60,57,0.95
Huawei-Y9,60,59,0.9833333333333333
Iphone-8Plus,60,55,0.9166666666666666
Nokia-5dot4,60,58,0.9666666666666667
Nokia-7dot1,60,57,0.95
Samsung-A50,60,60,1.0
Samsung-Note9,60,60,1.0
Xiaomi-redmiNote8,60,52,0.8666666666666667
Xioami-RedmiNote9Pro,60,56,0.9333333333333333
iPhone-xsMax,59,58,0.9830508474576272
